<?xml version="1.0"?>
<!--<!DOCTYPE metadata SYSTEM "http://www.esri.com/metadata/esriprof80.dtd">-->
<metadata xml:lang="en"><Esri><CreaDate>20091208</CreaDate><CreaTime>04301600</CreaTime><SyncOnce>FALSE</SyncOnce><DataProperties><lineage><Process Name="Merge_2" ToolSource="C:\Program Files\ArcGIS\ArcToolbox\Toolboxes\Data Management Tools.tbx\Merge" Date="20080214" Time="192235">Merge tx_all;tza_lines;ago_lines;cod_lines;BWA_lines E:\AICD\Analysis\Power\PowerSectorReview\Access_model\tx_all2.shp "TYPE_INFR TYPE_INFR true false false 50 Text 0 0 ,First,#,tx_all,TYPE_INFR,-1,-1,tza_lines,TYPE_INFR,-1,-1,ago_lines,TYPE_INFR,-1,-1,cod_lines,TYPE_INFR,-1,-1,BWA_lines,TYPE_INFR,-1,-1;STATUS STATUS true false false 50 Text 0 0 ,First,#,tx_all,STATUS,-1,-1,tza_lines,STATUS,-1,-1,ago_lines,STATUS,-1,-1,cod_lines,STATUS,-1,-1,BWA_lines,STATUS,-1,-1;BANDWIDTH BANDWIDTH true false false 10 Double 0 10 ,First,#,tx_all,BANDWIDTH,-1,-1,tza_lines,BANDWIDTH,-1,-1,ago_lines,BANDWIDTH,-1,-1,cod_lines,BANDWIDTH,-1,-1,BWA_lines,BANDWIDTH,-1,-1;FROM_ FROM_ true false false 15 Text 0 0 ,First,#,tx_all,FROM_,-1,-1,tza_lines,FROM_,-1,-1,ago_lines,FROM_,-1,-1,cod_lines,FROM_,-1,-1,BWA_lines,FROM_,-1,-1;Source Source true false false 254 Text 0 0 ,First,#,tx_all,Source,-1,-1,tza_lines,SOURCE,-1,-1,ago_lines,SOURCE,-1,-1,cod_lines,SOURCE,-1,-1,BWA_lines,SOURCE,-1,-1;OPR OPR true false false 4 Short 0 4 ,First,#,tx_all,OPR,-1,-1;TO_ TO_ true false false 50 Text 0 0 ,First,#,tza_lines,TO_,-1,-1,ago_lines,TO_,-1,-1,cod_lines,TO_,-1,-1,BWA_lines,TO_,-1,-1,tx_all,TO,-1,-1"</Process><Process Name="Merge_1" ToolSource="C:\Program Files\ArcGIS\ArcToolbox\Toolboxes\Data Management Tools.tbx\Merge" Date="20090512" Time="172038">Merge tx_all2;new_lns E:\AICD\Global_GIS_Data\Utilities\Utilities\tx_all3.shp "TYPE_INFR TYPE_INFR true false false 50 Text 0 0 ,First,#,tx_all2,TYPE_INFR,-1,-1,new_lns,TYPE_INFR,-1,-1;STATUS STATUS true false false 50 Text 0 0 ,First,#,tx_all2,STATUS,-1,-1,new_lns,STATUS,-1,-1;BANDWIDTH BANDWIDTH true false false 10 Double 0 10 ,First,#,tx_all2,BANDWIDTH,-1,-1,new_lns,BANDWIDTH,-1,-1;FROM_ FROM_ true false false 15 Text 0 0 ,First,#,tx_all2,FROM_,-1,-1,new_lns,FROM_,-1,-1;Source Source true false false 254 Text 0 0 ,First,#,tx_all2,Source,-1,-1,new_lns,Source,-1,-1;OPR OPR true false false 4 Short 0 4 ,First,#,tx_all2,OPR,-1,-1;TO_ TO_ true false false 50 Text 0 0 ,First,#,tx_all2,TO_,-1,-1,new_lns,TO_2,-1,-1"</Process><Process ToolSource="C:\Program Files\ArcGIS\ArcToolbox\Toolboxes\Analysis Tools.tbx\Identity" Date="20091008" Time="175905">Identity tx_all3 countries E:\AICD\Global_GIS_Data\Utilities\Utilities\tx_all.shp ALL # NO_RELATIONSHIPS</Process></lineage></DataProperties><SyncDate>20091208</SyncDate><SyncTime>04342300</SyncTime><ModDate>20091208</ModDate><ModTime>04342300</ModTime><MetaID>{FE0F25C1-C0A4-4B86-A38C-F56CBC8BB510}</MetaID></Esri><idinfo><native Sync="TRUE">Microsoft Windows XP Version 5.1 (Build 2600) Service Pack 3; ESRI ArcCatalog 9.3.1.3000</native><descript><langdata Sync="TRUE">en</langdata><abstract>REQUIRED: A brief narrative summary of the data set.</abstract><purpose>REQUIRED: A summary of the intentions with which the data set was developed.</purpose></descript><citation><citeinfo><origin>REQUIRED: The name of an organization or individual that developed the data set.</origin><pubdate>REQUIRED: The date when the data set is published or otherwise made available for release.</pubdate><title Sync="TRUE">ZMB_Txlines</title><ftname Sync="TRUE">ZMB_Txlines</ftname><geoform Sync="TRUE">vector digital data</geoform><onlink Sync="TRUE">\\DRGAMD02\E$\aicd\web\Power\ZMB_Txlines.shp</onlink></citeinfo></citation><timeperd><current>REQUIRED: The basis on which the time period of content information is determined.</current><timeinfo><sngdate><caldate>REQUIRED: The year (and optionally month, or month and day) for which the data set corresponds to the ground.</caldate></sngdate></timeinfo></timeperd><status><progress>REQUIRED: The state of the data set.</progress><update>REQUIRED: The frequency with which changes and additions are made to the data set after the initial data set is completed.</update></status><spdom><bounding><westbc Sync="TRUE">22.680000</westbc><eastbc Sync="TRUE">33.183334</eastbc><northbc Sync="TRUE">-8.639384</northbc><southbc Sync="TRUE">-17.979102</southbc></bounding><lboundng><leftbc Sync="TRUE">22.680000</leftbc><rightbc Sync="TRUE">33.183334</rightbc><bottombc Sync="TRUE">-17.979102</bottombc><topbc Sync="TRUE">-8.639384</topbc></lboundng></spdom><keywords><theme><themekt>REQUIRED: Reference to a formally registered thesaurus or a similar authoritative source of theme keywords.</themekt><themekey>REQUIRED: Common-use word or phrase used to describe the subject of the data set.</themekey></theme></keywords><accconst>REQUIRED: Restrictions and legal prerequisites for accessing the data set.</accconst><useconst>REQUIRED: Restrictions and legal prerequisites for using the data set after access is granted.</useconst><natvform Sync="TRUE">Shapefile</natvform></idinfo><dataIdInfo><envirDesc Sync="TRUE">Microsoft Windows XP Version 5.1 (Build 2600) Service Pack 3; ESRI ArcCatalog 9.3.1.3000</envirDesc><dataLang><languageCode Sync="TRUE" value="en"></languageCode></dataLang><idCitation><resTitle>Zambia Electricity Transmission Network</resTitle><presForm><PresFormCd Sync="TRUE" value="005"></PresFormCd></presForm><resRefDate><refDate>2009</refDate><refDateType><DateTypCd value="001"></DateTypCd></refDateType></resRefDate><citRespParty><rpIndName>Siobhan Murray</rpIndName><rpOrgName>The World Bank</rpOrgName><rpPosName>GIS Anlayst</rpPosName><role><RoleCd value="006"></RoleCd></role></citRespParty><resRefDate><refDate>2009</refDate><refDateType><DateTypCd value="002"></DateTypCd></refDateType></resRefDate></idCitation><spatRpType><SpatRepTypCd Sync="TRUE" value="001"></SpatRepTypCd></spatRpType><dataExt><geoEle><GeoBndBox esriExtentType="native"><westBL Sync="TRUE">22.68</westBL><eastBL Sync="TRUE">33.183334</eastBL><northBL Sync="TRUE">-8.639384</northBL><southBL Sync="TRUE">-17.979102</southBL><exTypeCode Sync="TRUE">1</exTypeCode></GeoBndBox></geoEle></dataExt><geoBox esriExtentType="decdegrees"><westBL Sync="TRUE">22.68</westBL><eastBL Sync="TRUE">33.183334</eastBL><northBL Sync="TRUE">-8.639384</northBL><southBL Sync="TRUE">-17.979102</southBL><exTypeCode Sync="TRUE">1</exTypeCode></geoBox><idAbs>Data for medium and high voltage transmission lines were compiled for the AICD study led by the World Bank.  A variety of sources were consulted, including regional power pool documents, maps from World Bank project documents and ZESCO.  Locations are approximate, intended to reflect main connections, and are not representative of actual "path on the ground".

The following attributes were collected:

VOLTAGE_KV: Transmission line capacity in kilovolts,
FROM_NM: Name of the locality where the link starts,
TO_NM: Name of the locality where the link ends,
STATUS: Status of link (Existing, Planned, Proposed, Under Study),
SOURCES: Source of location or attribute information,
PROJECT_NM: Name of project (planned links)</idAbs><tpCat><TopicCatCd value="019"></TopicCatCd></tpCat><descKeys KeyTypCd="002"><keyTyp><KeyTypCd value="002"></KeyTypCd></keyTyp><keyword>Africa</keyword><keyword>Zambia</keyword></descKeys></dataIdInfo><metainfo><langmeta Sync="TRUE">en</langmeta><metstdn Sync="TRUE">FGDC Content Standards for Digital Geospatial Metadata</metstdn><metstdv Sync="TRUE">FGDC-STD-001-1998</metstdv><mettc Sync="TRUE">local time</mettc><metc><cntinfo><cntorgp><cntper>REQUIRED: The person responsible for the metadata information.</cntper><cntorg>REQUIRED: The organization responsible for the metadata information.</cntorg></cntorgp><cntaddr><addrtype>REQUIRED: The mailing and/or physical address for the organization or individual.</addrtype><city>REQUIRED: The city of the address.</city><state>REQUIRED: The state or province of the address.</state><postal>REQUIRED: The ZIP or other postal code of the address.</postal></cntaddr><cntvoice>REQUIRED: The telephone number by which individuals can speak to the organization or individual.</cntvoice></cntinfo></metc><metd Sync="TRUE">20091208</metd><metextns><onlink Sync="TRUE">http://www.esri.com/metadata/esriprof80.html</onlink><metprof Sync="TRUE">ESRI Metadata Profile</metprof></metextns></metainfo><mdLang><languageCode Sync="TRUE" value="en"></languageCode></mdLang><mdStanName Sync="TRUE">ISO 19115 Geographic Information - Metadata</mdStanName><mdStanVer Sync="TRUE">DIS_ESRI1.0</mdStanVer><mdChar><CharSetCd Sync="TRUE" value="004"></CharSetCd></mdChar><mdHrLv><ScopeCd Sync="TRUE" value="005"></ScopeCd></mdHrLv><mdHrLvName Sync="TRUE">dataset</mdHrLvName><distinfo><resdesc Sync="TRUE">Downloadable Data</resdesc><stdorder><digform><digtinfo><transize Sync="TRUE">0.009</transize><dssize Sync="TRUE">0.009</dssize></digtinfo></digform></stdorder></distinfo><distInfo><distributor><distorTran><onLineSrc><orDesc Sync="TRUE">002</orDesc><linkage Sync="TRUE">file://\\DRGAMD02\E$\aicd\web\Power\ZMB_Txlines.shp</linkage><protocol Sync="TRUE">Local Area Network</protocol></onLineSrc><transSize Sync="TRUE">0.009</transSize></distorTran><distorFormat><formatName Sync="TRUE">Shapefile</formatName><formatVer>ArcGIS v 9.3</formatVer></distorFormat><distorCont><rpIndName>Africa Infrastructure Country Diagnostic</rpIndName><rpOrgName>The World Bank</rpOrgName><rpPosName>regional study</rpPosName><role><RoleCd value="005"></RoleCd></role></distorCont></distributor></distInfo><spdoinfo><direct Sync="TRUE">Vector</direct><ptvctinf><esriterm Name="ZMB_Txlines"><efeatyp Sync="TRUE">Simple</efeatyp><efeageom Sync="TRUE">Polyline</efeageom><esritopo Sync="TRUE">FALSE</esritopo><efeacnt Sync="TRUE">88</efeacnt><spindex Sync="TRUE">TRUE</spindex><linrefer Sync="TRUE">FALSE</linrefer></esriterm><sdtsterm Name="ZMB_Txlines"><sdtstype Sync="TRUE">String</sdtstype><ptvctcnt Sync="TRUE">88</ptvctcnt></sdtsterm></ptvctinf></spdoinfo><spref><horizsys><cordsysn><geogcsn Sync="TRUE">GCS_WGS_1984</geogcsn></cordsysn><geograph><geogunit Sync="TRUE">Decimal degrees</geogunit><latres Sync="TRUE">0.000000</latres><longres Sync="TRUE">0.000000</longres></geograph><geodetic><horizdn Sync="TRUE">D_WGS_1984</horizdn><ellips Sync="TRUE">WGS_1984</ellips><semiaxis Sync="TRUE">6378137.000000</semiaxis><denflat Sync="TRUE">298.257224</denflat></geodetic></horizsys></spref><refSysInfo><RefSystem><refSysID><identCode Sync="TRUE">GCS_WGS_1984</identCode></refSysID></RefSystem></refSysInfo><spatRepInfo><VectSpatRep><topLvl><TopoLevCd Sync="TRUE" value="001"></TopoLevCd></topLvl><geometObjs Name="ZMB_Txlines"><geoObjTyp><GeoObjTypCd Sync="TRUE" value="001"></GeoObjTypCd></geoObjTyp><geoObjCnt Sync="TRUE">88</geoObjCnt></geometObjs></VectSpatRep></spatRepInfo><eainfo><detailed Name="ZMB_Txlines"><enttyp><enttypl Sync="TRUE">ZMB_Txlines</enttypl><enttypt Sync="TRUE">Feature Class</enttypt><enttypc Sync="TRUE">88</enttypc></enttyp><attr><attrlabl Sync="TRUE">FID</attrlabl><attalias Sync="TRUE">FID</attalias><attrtype Sync="TRUE">OID</attrtype><attwidth Sync="TRUE">4</attwidth><atprecis Sync="TRUE">0</atprecis><attscale Sync="TRUE">0</attscale><attrdef Sync="TRUE">Internal feature number.</attrdef><attrdefs Sync="TRUE">ESRI</attrdefs><attrdomv><udom Sync="TRUE">Sequential unique whole numbers that are automatically generated.</udom></attrdomv></attr><attr><attrlabl Sync="TRUE">Shape</attrlabl><attalias Sync="TRUE">Shape</attalias><attrtype Sync="TRUE">Geometry</attrtype><attwidth Sync="TRUE">0</attwidth><atprecis Sync="TRUE">0</atprecis><attscale Sync="TRUE">0</attscale><attrdef Sync="TRUE">Feature geometry.</attrdef><attrdefs Sync="TRUE">ESRI</attrdefs><attrdomv><udom Sync="TRUE">Coordinates defining the features.</udom></attrdomv></attr><attr><attrlabl Sync="TRUE">STATUS</attrlabl><attalias Sync="TRUE">STATUS</attalias><attrtype Sync="TRUE">String</attrtype><attwidth Sync="TRUE">20</attwidth></attr><attr><attrlabl Sync="TRUE">CNTRY_NAME</attrlabl><attalias Sync="TRUE">CNTRY_NAME</attalias><attrtype Sync="TRUE">String</attrtype><attwidth Sync="TRUE">32</attwidth></attr><attr><attrlabl Sync="TRUE">VOLTAGE_KV</attrlabl><attalias Sync="TRUE">VOLTAGE_KV</attalias><attrtype Sync="TRUE">Number</attrtype><attwidth Sync="TRUE">4</attwidth></attr><attr><attrlabl Sync="TRUE">FROM_NM</attrlabl><attalias Sync="TRUE">FROM_NM</attalias><attrtype Sync="TRUE">String</attrtype><attwidth Sync="TRUE">50</attwidth></attr><attr><attrlabl Sync="TRUE">TO_NM</attrlabl><attalias Sync="TRUE">TO_NM</attalias><attrtype Sync="TRUE">String</attrtype><attwidth Sync="TRUE">50</attwidth></attr><attr><attrlabl Sync="TRUE">COUNTRY</attrlabl><attalias Sync="TRUE">COUNTRY</attalias><attrtype Sync="TRUE">String</attrtype><attwidth Sync="TRUE">12</attwidth></attr><attr><attrlabl Sync="TRUE">SOURCES</attrlabl><attalias Sync="TRUE">SOURCES</attalias><attrtype Sync="TRUE">String</attrtype><attwidth Sync="TRUE">100</attwidth></attr><attr><attrlabl Sync="TRUE">PROJECT_NM</attrlabl><attalias Sync="TRUE">PROJECT_NM</attalias><attrtype Sync="TRUE">String</attrtype><attwidth Sync="TRUE">100</attwidth></attr></detailed></eainfo><mdDateSt Sync="TRUE">20091208</mdDateSt><dataqual><lineage><procstep><procdesc Sync="TRUE">Dataset copied.</procdesc><srcused Sync="TRUE"></srcused><procdate Sync="TRUE">20091112</procdate><proctime Sync="TRUE">08422300</proctime></procstep><procstep><procdesc Sync="TRUE">Dataset copied.</procdesc><srcused Sync="TRUE"></srcused><procdate Sync="TRUE">20091112</procdate><proctime Sync="TRUE">09041800</proctime></procstep><procstep><procdesc Sync="TRUE">Metadata imported.</procdesc><srcused Sync="TRUE">F:\aicd_27oct09\web\Power\BDI_Txlines.shp.xml</srcused><procdate Sync="TRUE">20091112</procdate><proctime Sync="TRUE">11485400</proctime></procstep><procstep><procdesc Sync="TRUE">Metadata imported.</procdesc><srcused Sync="TRUE">F:\aicd_27oct09\web\Power\BEN_Txlines.shp.xml</srcused><procdate Sync="TRUE">20091112</procdate><proctime Sync="TRUE">13565100</proctime></procstep><procstep><procdesc Sync="TRUE">Metadata imported.</procdesc><srcused Sync="TRUE">E:\aicd\web\Power\RWA_Txlines.shp.xml</srcused><procdate Sync="TRUE">20091208</procdate><proctime Sync="TRUE">04301600</proctime></procstep></lineage></dataqual><mdContact><rpIndName>Siobhan Murray</rpIndName><rpOrgName>The World Bank</rpOrgName><rpPosName>GIS Anlayst</rpPosName><role><RoleCd value="006"></RoleCd></role></mdContact><dqInfo><dataLineage><statement>Transmission line features were digitized from hardcopy or generated from start and end nodes.  Attributes were assigned using mutliple source documents.  </statement></dataLineage><dqScope><scpLvl><ScopeCd value="005"></ScopeCd></scpLvl></dqScope></dqInfo></metadata>
